"","country_res_full","D_self_norm_mean_country","D_self_norm_sd_country","D_other_norm_mean_country","D_other_norm_sd_country","H_self_norm_mean_country","H_self_norm_sd_country","H_other_norm_mean_country","H_other_norm_sd_country","F_self_norm_mean_country","F_self_norm_sd_country","F_other_norm_mean_country","F_other_norm_sd_country","D_norm_mean_country","D_norm_sd_country","H_norm_mean_country","H_norm_sd_country","F_norm_mean_country","F_norm_sd_country","D_self_normc_mean_country","D_self_normc_sd_country","D_other_normc_mean_country","D_other_normc_sd_country","H_self_normc_mean_country","H_self_normc_sd_country","H_other_normc_mean_country","H_other_normc_sd_country","F_self_normc_mean_country","F_self_normc_sd_country","F_other_normc_mean_country","F_other_normc_sd_country","D_normc_mean_country","D_normc_sd_country","H_normc_mean_country","H_normc_sd_country","F_normc_mean_country","F_normc_sd_country"
"1","Argentina",4.65179856115108,0.911548492829934,4.3294964028777,1.18880363911719,4.52661870503597,0.879111503007468,4.46618705035971,0.909017143764175,4.37122302158273,0.883852289803451,3.76690647482014,0.946265618959306,4.49064748201439,0.949896415888347,4.4968824940048,0.783555750994632,4.06906474820144,0.8369933181441,0.299652691639792,0.711120036926339,-0.0226494666335896,0.902135397884116,0.174472835524684,0.720416075400778,0.114041180848425,0.577661214479969,0.0190771520714463,0.532150189484928,-0.585239394691144,0.638520756082024,0.138501612503101,0.663314268544672,0.144736624493509,0.490548707788994,-0.283081121309849,0.455738256862918
"2","Armenia",3.56706586826347,1.12934875138504,3.36216216216216,1.17366078929264,4.76096096096096,0.776329975203248,5.08888888888889,0.751402080789456,4.70870870870871,0.860555901771948,4.11171171171171,0.840116752364448,3.4625748502994,1.07764924013846,4.92492492492492,0.650262048945318,4.41044377711044,0.768947966580441,-0.693657512561085,0.976946959824966,-0.905350177763971,1.01526103984808,0.493448621034828,0.77875279434561,0.821376548962756,0.580369076206205,0.441196368782576,0.651527086290508,-0.155800628214421,0.640276434108961,-0.798148530525157,0.909084098874403,0.657412584998792,0.557526827381816,0.142931437184311,0.534517764280355
"3","Australia",4.55226519337017,0.875387307678287,4.42651933701657,1.0730010927464,4.2614364640884,0.899523062293628,4.48961325966851,0.84909006777068,4.40883977900552,0.891410139808792,4.0185635359116,0.94232351026873,4.48940454266421,0.902693631267037,4.37559238796808,0.773697948152452,4.21370165745856,0.856243402821634,0.192797358226964,0.808451224026266,0.0670515018733727,0.974766519665475,-0.098031371054804,0.749168000178479,0.130145424525306,0.534469549423084,0.049371943862323,0.567745208565377,-0.3409042992316,0.651580499376489,0.129936707521009,0.811125129347387,0.0161245528248766,0.507240489426106,-0.145766177684638,0.515078471404445
"4","Austria",4.42586206896552,0.913593417923763,4.3,1.07743482441668,4.07672413793103,0.962577506509588,4.375,0.96190422613675,4.44396551724138,0.904226611552413,3.88060344827586,1.0041099858636,4.36293103448276,0.903052080534801,4.22586206896552,0.887929708389047,4.16240421455939,0.889661418074684,0.175475624256837,0.72291448406016,0.0496135552913199,0.929025744508248,-0.173662306777646,0.654021673598162,0.12461355529132,0.555665420119956,0.193579072532699,0.512538082264394,-0.369782996432818,0.667766668250081,0.112544589774079,0.714556355860093,-0.024524375743163,0.480380862667835,-0.0879822301492932,0.482456510681801
"5","Bangladesh",4.94325259515571,0.938137454689243,4.95640138408304,1.04078405514426,4.60346020761246,0.862885460952708,5.10034602076125,0.690636696476932,5.04705882352941,0.859909555967627,4.75363321799308,0.853055547887488,4.94982698961938,0.95492599216852,4.85190311418685,0.690363866637242,4.90034602076125,0.790020141704215,0.0425605536332179,0.421077829009843,0.0557093425605537,0.53410596388452,-0.297231833910035,0.670791656516552,0.199653979238754,0.405636259369932,0.14636678200692,0.349717790816711,-0.147058823529412,0.466137265853401,0.0491349480968858,0.401876651751121,-0.04878892733564,0.416026677534242,-0.000346020761245708,0.245664324029388
"6","Bosnia-Herzegovina",3.75488721804511,1.0833457967745,3.50301507537688,1.08209189829075,4.67738693467337,0.675919901973809,4.82035175879397,0.743002877826093,4.56140350877193,0.823043765719152,4.05226130653266,0.893797497653349,3.62832080200501,0.999107610535778,4.74893914014517,0.607858650632145,4.30802005012531,0.763215782891886,-0.472851669403394,0.883145663828296,-0.725296020331543,0.855164297982293,0.44907583896494,0.694826237862425,0.592040663085543,0.495180463980029,0.333664621323424,0.614264283271256,-0.176049789175764,0.708172442319473,-0.599418085443494,0.762818074974476,0.520628044436743,0.478458019969946,0.080281162676807,0.533625745552621
"7","Brazil",4.33135313531353,1.07001910178921,4.20924092409241,1.34210239023308,4.53927392739274,0.976279327537755,4.6039603960396,0.941035162591854,4.3960396039604,1.01628339819472,3.94912280701754,0.996634949647627,4.27040704070407,1.1065365106353,4.57161716171617,0.786761127339538,4.1703125,0.909471059623163,-0.00738296051827405,0.89811058403397,-0.129495171739396,1.1355590251407,0.200537831560934,0.911394722718467,0.265224300207799,0.567918370096929,0.0573035081285906,0.65313904199579,-0.38520955165692,0.776801326133098,-0.068329055127735,0.894077555036471,0.232881065884366,0.52558979064758,-0.164019858674464,0.571738422528154
"8","Bulgaria",4.19094076655052,1.14356889218116,3.53728222996516,1.37925575367796,4.57979094076655,0.960919554233264,4.45156794425087,0.917195471508036,4.26271777003484,0.976204796486434,3.75418118466899,1.04449938251027,3.86411149825784,1.14256543083906,4.51567944250871,0.808995411115095,4.00836236933798,0.936217524320452,0.0616204093075414,0.934016887656145,-0.592038127277825,1.23788451032953,0.450470583523569,0.903940081371357,0.32224758700789,0.584444813294325,0.133397412791862,0.638267261604439,-0.375139172573992,0.785449657476072,-0.265208858985142,0.950147591066608,0.38635908526573,0.592881370193125,-0.120957987905002,0.605590424920622
"9","Cameroon",4.8126582278481,0.999027181411691,4.88481012658228,1.05909330379284,4.76962025316456,0.927753870058676,4.98987341772152,0.832400402291315,4.96455696202532,0.850183640662011,4.92784810126582,0.870234862340802,4.84866385372714,0.998521048046666,4.87974683544304,0.807035898748565,4.94620253164557,0.823124084256269,-0.0788811290557254,0.405208381708898,-0.00672923032154807,0.506742872062132,-0.12191910373927,0.591610462092969,0.0983340608176924,0.291190947045112,0.0730176051214898,0.346034462163429,0.0363087443619962,0.346348091909124,-0.0428755031766817,0.384093176022998,-0.0117925214607886,0.30314296717316,0.0546631747417431,0.239418490781982
"10","Canada",4.53095577746077,0.949900941925076,4.38288159771755,1.05988852457808,4.38402282453638,0.88542246222984,4.53780313837375,0.865537171631497,4.67724679029957,0.866783533947099,4.28473609129815,0.901147424261259,4.45691868758916,0.896834866441176,4.46091298145506,0.766260880316011,4.48088445078459,0.819149255229834,0.0647187105448702,0.904947709144002,-0.0833554691983538,0.960652125122196,-0.0822142423795235,0.727288429976319,0.0715660714578516,0.563404298434174,0.211009723383672,0.587022327483408,-0.181500975617755,0.61104170722083,-0.00931837932674181,0.813858996728994,-0.00532408546083596,0.493739205036353,0.0146473838686933,0.498188326052054
"11","Chile",4.46629834254144,1.01207233679233,4.30331491712707,1.18290691065622,4.51933701657459,0.918454441986906,4.74972375690608,0.865985375973986,4.68908839779006,0.896328922812689,4.10386740331492,1.00129360323351,4.38480662983425,1.02002992252032,4.63453038674033,0.788558013129863,4.39619398403929,0.872837828927465,-0.00555661395821433,0.831870127908335,-0.168540039372579,1.00215856275727,0.0474820600749348,0.742642028593089,0.277868800406427,0.551533186125283,0.217233441290405,0.586087762858758,-0.367987553184734,0.745350365365752,-0.0870483266653965,0.822706693211202,0.162675430240681,0.502923594975776,-0.0756609724603628,0.555247109899774
"12","China",4.33002754820937,0.971560656745752,4.7989010989011,0.985514311672432,3.94876033057851,0.82737510474201,4.85399449035813,0.698027425866905,4.79393939393939,0.735873718047767,4.28044077134986,0.92176135961482,4.56263736263736,0.906134386575231,4.40116314661769,0.639938423720011,4.53719008264463,0.753862858632212,-0.171786833855799,0.849943641947061,0.301212580522925,0.780289975017179,-0.553054051486653,0.724161694429224,0.352180108292961,0.417612428833936,0.292125011874228,0.443830692613758,-0.221373610715304,0.719436595682826,0.064948844259189,0.725974739692936,-0.100651235447474,0.415585192090813,0.0353757005794624,0.479603474326218
"13","Croatia",4.05789865871833,0.937648007905709,3.68716417910448,1.05690809740874,4.56959761549926,0.700894728140115,4.75529061102832,0.741457538292532,4.48440298507463,0.817456691661063,4.01432835820895,0.865224551377684,3.87196555721146,0.910365487075135,4.66244411326379,0.625447411982488,4.24925373134328,0.754136204769935,-0.20244837130083,0.731866827054882,-0.575561478322672,0.828537608647435,0.309250585480094,0.652281106107142,0.494943581009155,0.471596772536173,0.221677327647477,0.540882557671846,-0.248397299218195,0.651373175911513,-0.388381472807702,0.665054278875476,0.402097083244624,0.441152120326228,-0.0134719260838664,0.467703524713213
"14","Czech Republic",4.18923076923077,0.933240435313861,3.80615384615385,1.01442707470532,4.35192307692308,0.701157796988971,4.55435897435897,0.671160583544526,4.39435897435897,0.81114915745444,3.98717948717949,0.821397482186711,3.99769230769231,0.863733634850192,4.45339031339031,0.589942144374318,4.19076923076923,0.750332863976318,-0.0247244326554671,0.872477999617424,-0.40780135573239,0.896740879644661,0.137967875036841,0.604134147011888,0.340403772472738,0.464841910854922,0.180403772472738,0.638150449623678,-0.226775714706749,0.631765375178411,-0.216262894193929,0.760734398126361,0.239435111504077,0.408643578413353,-0.0231859711170057,0.547588129789768
"15","Ethiopia",4.73198653198653,0.890994979712038,4.95369127516779,1.0230359183463,4.04295302013423,0.97042148040803,4.78653198653199,0.814285725689234,4.89563758389262,0.876256824849016,4.60589225589226,0.901710440264345,4.84328859060403,0.900189985898054,4.41006711409396,0.757342951144911,4.75142617449664,0.819290813626264,0.0613756613756613,0.508115584048428,0.285330776605944,0.650878938739367,-0.625407478427613,0.872955196761224,0.115921115921116,0.458969578757136,0.227277085330777,0.449959340746738,-0.0647186147186147,0.498025268285251,0.174928092042186,0.482987252959193,-0.258293384467881,0.502768517694989,0.0830656759348034,0.329579387618419
"16","France",4.38988505747126,1.01576909438967,4.31264367816092,1.16028804203273,4.48,0.935544889158898,4.61195402298851,0.810782518812611,4.49793103448276,0.865024623302386,4.25057471264368,0.910976784118231,4.35126436781609,0.988723056514402,4.54597701149425,0.784293482537894,4.37425287356322,0.824413815187858,-0.0339463601532567,0.845611321530629,-0.111187739463601,1.01923763677466,0.0561685823754789,0.762380076899146,0.188122605363985,0.54251356484074,0.0740996168582375,0.573710112047002,-0.173256704980843,0.636122481783894,-0.0725670498084291,0.815780374452518,0.122145593869732,0.535333704687241,-0.0495785440613027,0.507427374960818
"17","Georgia",3.99020979020979,1.17274993582349,3.75454545454545,1.22924751038442,4.61188811188811,0.886387465115745,5.02657342657343,0.839461067628097,4.77902097902098,0.954608629044415,4.38076923076923,0.948691121917097,3.87237762237762,1.10496770329365,4.81961926961927,0.755695808618703,4.58018648018648,0.88182194665927,-0.433799533799534,1.00749173481684,-0.66946386946387,1.00953212189569,0.187878787878788,0.694428506651523,0.602564102564103,0.582275286044523,0.355011655011655,0.65389250459318,-0.0432400932400932,0.750432561086806,-0.551631701631702,0.891546436745522,0.395609945609946,0.486236044600148,0.156177156177156,0.606062482816789
"18","Germany",4.50716332378224,0.899788101454724,4.50601719197708,1.03482733593532,4.02263610315186,0.835306239060382,4.33610315186246,0.845267185499618,4.34813753581662,0.809345147546665,3.85988538681948,0.90115245107201,4.50659025787966,0.899553280505032,4.17936962750716,0.758276118812731,4.10401146131805,0.788501264279829,0.243839541547278,0.818262243438378,0.24269340974212,0.972949095386701,-0.240687679083095,0.691325430708294,0.0727793696275072,0.571843915284164,0.084813753581662,0.57519134834742,-0.403438395415473,0.683128386134769,0.243266475644699,0.82282714085853,-0.0839541547277937,0.520907156516051,-0.159312320916905,0.535659714169438
"19","Ghana",4.68387096774194,0.820674162770092,4.86451612903226,0.870480698968434,4.31612903225806,0.778016298111368,5.00161290322581,0.638772371648615,4.88145161290323,0.622938164376449,4.67741935483871,0.841820695607845,4.7741935483871,0.753121478863077,4.65913978494624,0.582264261728236,4.77939068100358,0.626229118955694,-0.0536151279199111,0.518908858655116,0.127030033370412,0.586260199305596,-0.421357063403782,0.671669840071662,0.26412680756396,0.40829694414081,0.143965517241379,0.402171273076573,-0.0600667408231368,0.534302987509551,0.0367074527252503,0.397560448243687,-0.0783463107156099,0.375287042860617,0.0419045853417377,0.259723329543333
"20","Greece",4.06349206349206,1.07903810513032,3.71655328798186,1.27205020716177,4.6766439909297,0.813758721649359,4.73197278911565,0.858803585960076,4.36780045351474,0.919266958999879,4.0421768707483,0.980231315701557,3.89002267573696,1.08928260354865,4.70430839002268,0.743734150417762,4.20498866213152,0.872677469504199,-0.202947845804989,0.980611990704866,-0.549886621315193,1.11879291565784,0.410204081632653,0.722907418016793,0.465532879818594,0.624694854389569,0.101360544217687,0.637211541603598,-0.224263038548753,0.77780990598307,-0.376417233560091,0.949719875374906,0.437868480725624,0.556494794585486,-0.0614512471655329,0.603429182244214
"21","Hong Kong",4.16923076923077,0.882885711452609,4.29230769230769,0.932050400309956,4.20659340659341,0.750378008118012,4.78241758241758,0.71345690621141,5.01318681318681,0.56552999551233,4.71868131868132,0.843262459197357,4.23076923076923,0.81944321309483,4.49450549450549,0.620459084041386,4.86593406593407,0.640003434056721,-0.361172161172161,0.810551766593288,-0.238095238095238,0.79359428370246,-0.323809523809524,0.62079768904459,0.252014652014652,0.506189072936893,0.482783882783883,0.47033905913943,0.188278388278388,0.673857031881862,-0.2996336996337,0.700555238443747,-0.035897435897436,0.411987976848144,0.335531135531136,0.48145361680116
"22","Hungary",3.85454545454545,1.07220873316407,3.34306220095694,1.25452168303147,4.56315789473684,0.799809077306179,4.46315789473684,0.921385454012369,4.35023923444976,0.898820137998341,3.92727272727273,0.923590495111167,3.59861775651249,1.06068934454551,4.51315789473684,0.756391838202366,4.13875598086124,0.833432348712366,-0.228947368421053,0.886791735464825,-0.740430622009569,1.03871763239523,0.479665071770335,0.691410198324822,0.379665071770335,0.62536200611046,0.266746411483254,0.639125346589769,-0.15622009569378,0.698401251781103,-0.484875066454014,0.834471458729716,0.429665071770335,0.512219294748566,0.0552631578947369,0.558823511393482
"23","India",3.90880829015544,1.21701151091406,3.83979328165375,1.3083106057411,4.62909090909091,0.770000983863992,5.06285714285714,0.727507977374033,4.83720930232558,0.834527240505905,4.70298701298701,0.85296520929543,3.87312661498708,1.19046352795382,4.84597402597403,0.65430517324889,4.7710020097617,0.785983948835356,-0.586841164909773,1.00696532789487,-0.654575425465562,1.08376804722615,0.131288251977907,0.705081287403274,0.565054485744141,0.545378442169357,0.342840595206273,0.651683909040676,0.205184355874011,0.701228264634434,-0.621242092132229,0.956468141327508,0.348171368861024,0.514119837302297,0.276633302642391,0.605856109659849
"24","Indonesia",4.60794223826715,1.01642761577043,4.86209386281588,0.972319774961427,4.30974729241877,0.716128081184588,5.04765342960289,0.678689526703244,4.99837545126354,0.613618895064912,4.54079422382671,0.753708284760915,4.73501805054152,0.94049463726088,4.67870036101083,0.543820130010114,4.76963497793823,0.590750797891764,-0.119776754222167,0.776634333086149,0.13437487032657,0.710763277275792,-0.417971700070542,0.711065629657626,0.319934437113573,0.453912431259866,0.270656458774223,0.413812918118098,-0.1869247686626,0.657235730050918,0.00729905805220146,0.670400927133583,-0.0490186314784846,0.406000363437816,0.0419159854489121,0.422163714021533
"25","Iran",3.76745406824147,1.19995770807733,3.29291338582677,1.20458648303466,4.57973684210526,0.809058173714586,4.85565789473684,0.848116546737792,4.64842105263158,0.844810407344587,4.36631578947368,0.855208845337308,3.52970982793817,1.1049792853869,4.71880116959064,0.69041238756251,4.50718567251462,0.766457730397738,-0.486366096000452,0.984665531381799,-0.96090677841515,0.934509402566267,0.329196098483757,0.73915892833939,0.605117151115336,0.653915351702566,0.397880309010073,0.541977717072229,0.115775045852178,0.704064484661848,-0.724110336303747,0.835287001426716,0.468260425969137,0.525715624266257,0.256644928893114,0.509905723771424
"26","Ireland",4.14794520547945,1.0354963368465,4.05479452054795,1.10717873392621,4.29315068493151,0.752833308819143,4.57260273972603,0.703416320928044,4.35068493150685,0.811569687510847,4.04657534246575,0.846246974683715,4.1013698630137,1.00367285931403,4.43287671232877,0.596297556808434,4.1986301369863,0.767661157652279,-0.0963470319634703,0.745947107892178,-0.189497716894977,0.802655252324571,0.0488584474885845,0.832723521169712,0.328310502283105,0.563626683232572,0.106392694063927,0.518296638401197,-0.197716894977169,0.588556739849544,-0.142922374429224,0.677242034439363,0.188584474885845,0.574757575790405,-0.045662100456621,0.45763437779989
"27","Israel",4.44144144144144,0.836359786110469,4.0036036036036,1.17666766936994,4.42432432432432,0.969113645558375,4.5445945945946,0.841096010531698,4.1536036036036,0.869503678041066,3.58063063063063,0.870942282355776,4.22252252252252,0.886460451838904,4.48450950950951,0.808590629981063,3.86711711711712,0.778694731665722,0.250044009526768,0.680605427642153,-0.18779382831107,1.0556436040364,0.232926892409651,0.825440164785408,0.353197162679921,0.611985826790159,-0.0377938283110697,0.595911433624009,-0.610766801284043,0.625123918367322,0.0311250906078492,0.729790016465204,0.293112077594836,0.59885250886821,-0.324280314797556,0.471192219250599
"28","Italy",4.18551236749117,1.01535224404775,3.89646643109541,1.17131869778958,4.5243816254417,0.977303073949962,4.67358657243816,0.900282767042411,4.5178445229682,0.872986705610966,4.10989399293286,0.8448538582737,4.04098939929329,1.01207667513267,4.59848841774637,0.850259505599453,4.31386925795053,0.783529146043255,-0.132262093334958,0.872140063768658,-0.421308029730718,1.09587448561129,0.206607164615572,0.85345060220887,0.355812111612039,0.602524794715878,0.200070062142074,0.559442784968899,-0.207880467893262,0.603742587775066,-0.276785061532838,0.896448520679,0.280713956920244,0.620896246747879,-0.00390520287559412,0.463375310807658
"29","Japan",3.70566037735849,0.829916990201379,4.41509433962264,0.843362901713608,3.90566037735849,0.690472848387351,4.61745283018868,0.638094920676688,4.92877358490566,0.630900445223225,4.55518867924528,0.809734779720223,4.06037735849057,0.681040678467362,4.26155660377358,0.538765273963626,4.74198113207547,0.653726788185363,-0.648977987421384,0.831352415342089,0.0604559748427673,0.703065225249051,-0.448977987421384,0.614985785359387,0.262814465408805,0.442659943696013,0.574135220125786,0.44804602956503,0.200550314465409,0.639737609632051,-0.294261006289308,0.597100144989297,-0.0930817610062893,0.36794938554897,0.387342767295597,0.45333271208771
"30","Kazakhstan",4.21935483870968,1.07162088369585,4.00430107526882,1.01423712801625,4.4989247311828,0.778864086996027,4.81505376344086,0.75999803154195,4.45322580645161,1.02277878233157,4.02365591397849,0.975726914024969,4.11230585424134,0.959785132016155,4.65698924731183,0.668937809786069,4.23835125448029,0.939343308447245,-0.116635768137437,1.06467731990037,-0.331689531578297,0.920413415966796,0.162934124335682,0.660209353915432,0.479063156593746,0.514950639835543,0.117235199604499,0.779416030089073,-0.31233469286862,0.789461579888661,-0.223684752605776,0.907168218840116,0.320998640464714,0.453750958801984,-0.0976393523668273,0.706091177624
"31","Kenya",4.60456939281289,1.13605079154422,4.69793621013133,1.21288419420013,4.19746105919003,1.28426775529078,4.60665708812261,1.09870397803772,4.47875968992248,1.1664859803453,4.37540437678402,1.24155987942881,4.65580919653085,1.05959298084921,4.38616711744939,1.01143769929687,4.43275756085567,1.02320078911266,0.109959727385378,0.802672981786027,0.203189493433396,0.865993623427148,-0.29309968847352,1.10452052648221,0.118342911877395,0.71712276352601,-0.00607751937984507,0.832443512632308,-0.105756422454805,0.847506711296637,0.166118474881362,0.651680230684324,-0.100579870502418,0.674911864450671,-0.0563990656503566,0.563975064095812
"32","Kosovo",4.76256038647343,1.00467920541922,4.62173913043478,1.11292532812658,4.55024154589372,0.729867283861914,4.85748792270531,0.774239036744131,4.6304347826087,0.744879806781798,4.03478260869565,0.867060554926625,4.69214975845411,0.996724899863159,4.70386473429952,0.663386824335357,4.33024307951844,0.721010945453211,0.187179822787019,0.851537522947811,0.0463585667483719,0.939180788114757,-0.0251390177926909,0.677521592302038,0.282107359018903,0.591638023829509,0.0550542189222849,0.492754070151408,-0.540597954990759,0.716483702612642,0.116769194767696,0.820400714888449,0.128484170613106,0.527770252387072,-0.245137484167969,0.489486741864977
"33","Kuwait",4.05777777777778,1.25042810794331,4.00111111111111,1.3738982945976,4.73777777777778,0.884702743725151,5.09333333333333,0.874313777202205,4.84555555555556,0.902344693904168,4.51555555555556,0.836314221655512,4.02944444444444,1.22837482779758,4.91555555555556,0.787459121735674,4.68055555555556,0.778560282967718,-0.484074074074074,1.0274413360449,-0.540740740740741,1.15049745296034,0.195925925925926,0.886736920219516,0.551481481481481,0.667999805066024,0.303703703703704,0.635811957499759,-0.0262962962962963,0.663437139336415,-0.512407407407407,0.986387993231495,0.373703703703704,0.680289025450829,0.138703703703704,0.521090437265853
"34","Lebanon",3.27816091954023,0.787315912386394,3.82528735632184,0.740084594599739,4.82528735632184,0.61892975722061,5.34942528735632,0.550871099432819,5.04597701149425,0.693961428742018,4.77701149425287,0.551045760440006,3.55172413793103,0.68128846278714,5.08735632183908,0.513946110128821,4.91149425287356,0.568642873858314,-1.23869731800766,0.77096659963813,-0.691570881226054,0.647938858705259,0.308429118773946,0.540294167908638,0.832567049808429,0.46098358531523,0.52911877394636,0.527360072375062,0.260153256704981,0.399218845789607,-0.965134099616858,0.622467126991821,0.570498084291188,0.416035965678317,0.39463601532567,0.38662635325863
"35","Malaysia",4.16077170418006,1.01517742735111,4.18520900321543,1.1282472295625,4.191961414791,0.831302715596425,4.65980707395498,0.883189944909083,4.7048231511254,0.903296409882969,4.50739549839228,0.89264556119165,4.17299035369775,0.991598772545177,4.42597356198642,0.742582475896284,4.60610932475884,0.825048175099702,-0.24093210629412,0.852925970651189,-0.21649480725875,0.864317987812632,-0.209742395683187,0.709048539160369,0.2581032634808,0.534335250525542,0.303119340651218,0.599495145472426,0.105691687918099,0.642458158000187,-0.228713456776435,0.75416759638534,0.0242697515122396,0.458178681993199,0.204405514284658,0.510291776670017
"36","Mexico",4.65142857142857,0.969275165976741,4.65857142857143,1.15465811155228,4.34714285714286,0.998880154061951,4.58,0.915195462080615,4.52857142857143,0.931949740384245,4.04428571428571,0.995838205096441,4.655,0.996564241667232,4.46301587301587,0.866030473065103,4.28642857142857,0.893317373676933,0.183095238095238,0.862075057134723,0.190238095238095,1.01709997000195,-0.121190476190476,0.793279230711525,0.111666666666667,0.525571897407505,0.0602380952380952,0.578054517530097,-0.424047619047619,0.703026094226207,0.186666666666667,0.863486139639381,-0.00531746031746031,0.533452337937302,-0.181904761904762,0.531131116248168
"37","Morocco",4.49511494252874,0.911799173270401,4.63908045977012,1.09959070912447,4.40459770114943,0.854218778541646,4.97931034482759,0.726085065007173,4.53879310344828,0.863152732155386,4.26171428571429,0.788325322725281,4.56704980842912,0.940940567883871,4.69195402298851,0.650338887345765,4.40146031746032,0.735291889568801,-0.0572631787554498,0.565140236853707,0.0867023384859294,0.774584880915162,-0.14778042013476,0.838442607450826,0.426932223543401,0.45871779007192,-0.0135850178359096,0.486612052142241,-0.293221674876847,0.559587902019473,0.0146716871449332,0.569821639184877,0.13957590170432,0.501198618546583,-0.153475643130816,0.364854792581447
"38","Namibia",4.648264781491,1.17827505531464,4.77442602040816,1.20442562153829,4.3263906581741,1.2955180108175,4.60418792517007,1.21387745430734,4.46014957264957,1.18762183982288,4.48282694848085,1.25539463505993,4.71782164700743,1.0504251159512,4.46590126291619,1.04517857125641,4.45926685255044,1.07850711011448,0.105077120822622,0.831624761412546,0.226466836734694,0.77946631327957,-0.227112526539278,1.01578067893129,0.0577593537414965,0.768613929547951,-0.0922863247863247,0.842129427005227,-0.0586525759577279,0.857195606530549,0.170344582787243,0.581029802655179,-0.0817451205510907,0.570058333905424,-0.0892980154174184,0.595677635891347
"39","New Zealand",4.43318777292576,0.905896311322321,4.31528384279476,1.01133164461303,4.24541484716157,0.868169291815991,4.52314410480349,0.852260503593139,4.58689956331878,0.768687359992402,4.17554585152838,0.900153633983878,4.37423580786026,0.899361350563616,4.38427947598253,0.783165545991264,4.38122270742358,0.772695378239243,0.0532751091703056,0.832060546432987,-0.0646288209606988,0.943979445482366,-0.134497816593886,0.646212991686074,0.143231441048035,0.558776370704253,0.206986899563319,0.539474596687278,-0.204366812227074,0.658154983129139,-0.00567685589519646,0.823918625209947,0.00436681222707427,0.488084481775318,0.0013100436681222,0.508507765529063
"40","Nigeria",4.75359342915811,0.934161021336202,4.58891170431211,1.07716680200808,4.64229979466119,0.93276947719817,4.96262833675565,0.921262146095845,4.99260780287474,0.921143264517604,4.75154004106776,0.984965526510441,4.67116130504221,0.920499229215613,4.80239561943874,0.816880776780885,4.87207392197125,0.890184478659862,-0.0281710347524976,0.60929147940147,-0.192852759598494,0.758558902730816,-0.139464669249418,0.74127997546748,0.180863872845038,0.471512518074831,0.210843338964135,0.430297384260742,-0.0302244228428466,0.547885854755813,-0.1106031588684,0.551483775861743,0.020631155528132,0.440259072795875,0.090309458060644,0.354633302621784
"41","North Macedonia",4.11858974358974,1.12093808252117,4.01410256410256,1.1687489515004,4.56474358974359,0.773791308238053,4.90128205128205,0.764483910945688,4.70769230769231,0.86989953676065,4.15384615384615,0.918504629487682,4.06634615384615,1.06492853286677,4.73301282051282,0.677307816025041,4.43076923076923,0.816676299451367,-0.291452991452991,0.978700436865861,-0.395940170940171,0.974515153758455,0.154700854700855,0.671663468171275,0.491239316239316,0.49455213107772,0.297649572649573,0.639484565794253,-0.256196581196581,0.756671454269309,-0.343696581196581,0.881250132985616,0.322970085470085,0.463689951005535,0.0207264957264958,0.597928339067298
"42","Pakistan",4.08924485125858,1.18150837623834,3.98993135011442,1.27692622794219,4.6649885583524,0.771145824663733,5.0466819221968,0.79136348598042,4.82379862700229,0.788088638717229,4.60869565217391,0.83348356576939,4.0395881006865,1.17890978039746,4.8558352402746,0.651951235261461,4.7162471395881,0.741302234585948,-0.447978642257818,0.90732892454753,-0.547292143401983,0.956077142215672,0.127765064836003,0.793543655292011,0.509458428680397,0.568056432686836,0.286575133485889,0.549671194238659,0.0714721586575134,0.647275159070537,-0.497635392829901,0.863273764542116,0.3186117467582,0.539239473726466,0.179023646071701,0.502186719481385
"43","Philippines",4.56416083916084,1.06978795148778,4.5818553092182,1.16459669228263,4.69585764294049,0.810184727574461,5.07444574095683,0.763117653720144,5.08273045507585,0.809078461254695,4.81172695449242,0.858427602493967,4.57384097384097,1.05509207270388,4.88577077661092,0.687718808175173,4.94669127169127,0.760507370296454,-0.23762599469496,0.793598801043447,-0.220089191110396,0.858680709945276,-0.106086857388109,0.695135371816256,0.272501240628227,0.501614873473595,0.280785954747247,0.461252200906189,0.00900454673480048,0.619636964575747,-0.227945860014826,0.739627410380072,0.0838262762823179,0.470859057676546,0.144904437835472,0.426353600700807
"44","Poland",3.9854103343465,0.860586274279945,3.58723404255319,1.01733286501052,4.53586626139818,0.693932780280589,4.75866261398176,0.723844403233032,4.48926038500507,0.783637090460972,4.04427558257346,0.847278643453958,3.78632218844985,0.845704429025013,4.64726443768997,0.628980567279291,4.26676798378926,0.741285688091857,-0.247798655245464,0.781211972535727,-0.645974947038777,0.907944464100861,0.302657271806208,0.576322031092014,0.525453624389795,0.524489337617887,0.256051395413098,0.593034952629712,-0.188933407018513,0.620406986925978,-0.44688680114212,0.738076000409192,0.414055448098001,0.443269575533387,0.033558994197292,0.501814725774071
"45","Portugal",4.38791540785498,0.972518850220706,4.24894259818731,1.11590041087817,4.46646525679758,0.918328132334916,4.75045317220544,0.784523464747809,4.7178247734139,0.79834076766993,4.30876132930514,0.813679618554847,4.31842900302115,0.9751729964342,4.60845921450151,0.755738278810049,4.51329305135952,0.732247496191584,-0.0921450151057402,0.839319147141744,-0.231117824773414,1.00387219625406,-0.013595166163142,0.780947235371555,0.270392749244713,0.495395852493545,0.237764350453172,0.544566522256895,-0.171299093655589,0.635598308366615,-0.161631419939577,0.843538417052517,0.128398791540785,0.519024422278079,0.0332326283987915,0.486563559642409
"46","Romania",3.83849372384937,1.1706506240584,3.63723849372385,1.3080761513133,4.5347280334728,0.859383420241549,4.64853556485356,0.876808074894383,4.54853556485356,0.968057960926732,4.15020920502092,0.919546624091108,3.73786610878661,1.16257559744363,4.59163179916318,0.748536695759562,4.34937238493724,0.8714368141161,-0.387796373779637,1.02410378625326,-0.58905160390516,1.14778616253185,0.308437935843794,0.744834483218143,0.422245467224547,0.58152331921131,0.322245467224547,0.74588101148593,-0.0760808926080893,0.774258092448631,-0.488423988842399,0.996965289821498,0.36534170153417,0.503105299509262,0.123082287308229,0.6678009094858
"47","Russia",4.0694623655914,1.05805895050127,3.90290322580645,1.16659600400445,4.42306451612903,0.83227296040052,4.8258064516129,0.87797307827281,4.69069892473118,0.836054056355249,4.30215053763441,0.853490221380092,3.98621607782898,1.02623794181862,4.62415770609319,0.729244096962004,4.49653225806452,0.774500883780532,-0.299419990465597,0.851715497624273,-0.465979130250543,0.951460564335225,0.0541821600720377,0.741667029924785,0.456924095555909,0.519429759719591,0.321816568674188,0.582891564109536,-0.066731818422586,0.671639207408566,-0.382666278228013,0.792390058903731,0.255275350036195,0.459172257816884,0.127649902007522,0.529886374748
"48","Saudi Arabia",4.28079470198676,1.11455313806554,4.36158940397351,1.18742640064706,4.81324503311258,0.868920824677656,5.2728476821192,0.648067257295047,4.91523178807947,0.754166059907309,4.54900662251656,0.755854267229592,4.32119205298013,1.07892596418989,5.04304635761589,0.639636348120277,4.73208241353937,0.675770607883771,-0.418139605693842,0.816607951858821,-0.337344903707087,0.886807732151489,0.114310725431986,0.868007618242401,0.573913374438608,0.520309097664444,0.216297480398873,0.504879403402751,-0.14992768516404,0.561750727922665,-0.377742254700464,0.751408284065168,0.344112049935297,0.577673579357798,0.0331481058587704,0.414600378174465
"49","Serbia",4.11653543307087,1.10227733969705,3.57361477572559,1.18211556807659,4.76200527704485,0.828482510264006,4.91102362204724,0.921488642285721,4.48582677165354,0.910990589481306,3.97150395778364,0.949425115313192,3.84750656167979,1.04859571662796,4.83799941673957,0.764379333977237,4.22677165354331,0.863540644723281,-0.187374423024708,0.932601997842452,-0.730315712855973,0.999922594113988,0.458074788463288,0.75182551113855,0.60711376595167,0.560157678563638,0.181916915557969,0.585846723667282,-0.332426530797926,0.767786760148973,-0.456403294415784,0.853613029426099,0.534089560644,0.506404004040739,-0.077138202552267,0.589110395326545
"50","Singapore",4.40581039755352,0.964967592584427,4.5308868501529,0.934279097455956,4.51009174311927,0.780350513598037,4.78593272171254,0.711464596983126,4.96452599388379,0.716819195677383,4.64587155963303,0.788085991161331,4.46843357118586,0.890493977480463,4.6480122324159,0.652028942748094,4.80519877675841,0.696223736338718,-0.234746388273753,0.740912515961175,-0.109669935674365,0.680759607100433,-0.130465042708004,0.591197241301152,0.145375935885268,0.423563304876754,0.323969208056522,0.477205558690433,0.00531477380575773,0.565611609805054,-0.172123214641405,0.630170080925387,0.00745544658863237,0.363369466858131,0.16464199093114,0.437142615011332
"51","Slovakia",4.10656934306569,1.03436939997928,3.76423357664234,1.15281069016845,4.47591240875912,0.744063247877353,4.78905109489051,0.746977188712394,4.52481751824818,0.908912405818199,4.16843065693431,0.938335806051073,3.93540145985401,1.01672210112381,4.63248175182482,0.655997722927677,4.34679643146796,0.850373792276417,-0.19830942193137,0.823462816208251,-0.540645188354728,0.909611812738707,0.17103364376206,0.671137165588834,0.484172329893447,0.487438776707596,0.219938753251112,0.608286663690521,-0.136448108062757,0.661605369442802,-0.369477305143049,0.766172232072695,0.327602986827754,0.467484033816631,0.0419176664709008,0.523234663801769
"52","South Africa",4.61102661596958,1.25431525959038,4.6844557390936,1.31570667362227,4.25350427350427,1.28998444820244,4.62432318104907,1.09023065787651,4.51997016197783,1.20481444547291,4.23331204767986,1.274431460133,4.63826708797605,1.18632175408744,4.42326106594399,1.00232970252052,4.37793669272133,1.06673345031726,0.122407237445916,0.926626834873939,0.193959310052724,0.953467022230025,-0.23511199528441,1.13284185689607,0.148281696715094,0.732950431912879,0.0460306611400182,0.811723653819535,-0.241043877805669,0.94441553873644,0.156636483022417,0.806321143626129,-0.057018480693838,0.690477840945568,-0.102646182313799,0.619252792582857
"53","Spain",4.60704225352113,0.899174619224485,4.40739436619718,1.04840406192009,4.32629107981221,0.878990784808956,4.60657276995305,0.862038072373539,4.45070422535211,0.845562518970648,3.96537558685446,0.877418392258325,4.50721830985916,0.881327112533984,4.46653625456442,0.74259646572819,4.20808555033907,0.778511029366619,0.213113161728995,0.719526493094756,0.0134652744050508,0.912084262679498,-0.0676380119799256,0.763740393868139,0.21264367816092,0.545081022752591,0.0567751335599806,0.562174462008156,-0.428553504937672,0.581033576712454,0.113289218067023,0.705487406747911,0.0726071627722914,0.48349401489785,-0.185843541453061,0.436418685588243
"54","Switzerland",4.26153846153846,0.782413535268236,4.34285714285714,0.934896649920058,4.13846153846154,0.777855917930711,4.47252747252747,0.780037881425702,4.8043956043956,0.733320013199041,4.37802197802198,0.832906850574433,4.3021978021978,0.787820907733339,4.3054945054945,0.698627644801282,4.59120879120879,0.739616770383803,-0.138095238095238,0.6832126619481,-0.0567765567765568,0.891350681366601,-0.261172161172161,0.648916737154774,0.072893772893773,0.465975999167659,0.404761904761905,0.512764750733079,-0.0216117216117217,0.653166524933095,-0.0974358974358974,0.712883741482365,-0.0941391941391942,0.447699011726709,0.191575091575092,0.525417961941445
"55","Taiwan",4.07593984962406,0.911366411489321,4.55563909774436,0.980405271136965,4.14586466165414,0.692876016374678,4.69172932330827,0.623567957929019,4.80751879699248,0.694302860363898,4.45263157894737,0.883011908068889,4.31578947368421,0.852905542803763,4.4187969924812,0.564369793923104,4.63007518796992,0.705823213998928,-0.378947368421053,0.726445337988545,0.100751879699248,0.772183771105776,-0.309022556390977,0.493031146945365,0.236842105263158,0.410690744166637,0.352631578947368,0.469474223534102,-0.00225563909774436,0.745645027575705,-0.139097744360902,0.627336872689278,-0.0360902255639097,0.299882439936897,0.175187969924812,0.505469524724252
"56","Thailand",4.4012987012987,1.01737267892149,4.70844155844156,1.05388694537975,4.46298701298701,0.784578668539494,5.08376623376623,0.73008595979738,5.2025974025974,0.678372074354178,4.93051948051948,0.821520630415985,4.55487012987013,0.939961006200008,4.77337662337662,0.644348238517861,5.06655844155844,0.66569146032675,-0.396969696969697,0.851307683597113,-0.0898268398268399,0.885977362802732,-0.335281385281385,0.658964596677302,0.285497835497835,0.514803306203271,0.404329004329004,0.497051768280088,0.132251082251082,0.660469774697319,-0.243398268398268,0.752000393765079,-0.0248917748917749,0.436484188083354,0.268290043290043,0.466093449256876
"57","The Netherlands",4.65735294117647,0.774370219903095,4.39816176470588,0.943994822809,3.90294117647059,0.901352167494756,4.08970588235294,0.906542427089483,4.32352941176471,0.759359895557036,3.375,0.945456973578856,4.52712418300654,0.767975580584909,3.99632352941176,0.817712082648247,3.84926470588235,0.766328072431743,0.533375591615957,0.785843393072867,0.274184415145368,0.992587469862138,-0.221036173089926,0.65698765388626,-0.0342714672075726,0.615357991008108,0.199552062204192,0.568136513036362,-0.748977349560514,0.662449014849318,0.403146833446022,0.803374452305858,-0.127653820148749,0.506630749517629,-0.274712643678161,0.482503307783774
"58","Turkey",3.94827343199436,1.25816959520392,3.67649234020074,1.37584567673245,4.9510290237467,0.790397589324497,4.9649577167019,0.870178928644482,4.8932910723719,0.858647344655344,4.34928609201481,0.993286069032198,3.81240241826613,1.23509516022832,4.9572266197596,0.745454987934051,4.62083113224159,0.839546151008935,-0.515776324717784,1.09965643366386,-0.787840538668453,1.17542366498737,0.488505467177107,0.692197244713704,0.500907959989756,0.680375588332087,0.429222324511685,0.611331206577094,-0.114744653463449,0.862495727531917,-0.651930460603066,1.04072132635535,0.494703063190007,0.575929467640057,0.15676238438138,0.633919935450164
"59","Ukraine",4.08240740740741,0.987657351904488,3.73101851851852,1.06213499460099,4.55231481481481,0.709788513296966,4.72418981481481,0.752350865404967,4.48194444444444,0.923248535170938,3.99398148148148,1.01142470539881,3.90671296296296,0.923363332157303,4.63824588477366,0.628970457490347,4.23796296296296,0.898461442590772,-0.178485525755641,0.949401407092812,-0.52987441464453,0.954648937608877,0.291421881651767,0.594247535671615,0.463296881651767,0.509233713134152,0.221051511281396,0.72710304244857,-0.266911451681567,0.840530257421646,-0.354179970200085,0.840927916258528,0.377352951610614,0.408563778138478,-0.0229299702000852,0.697949884747284
"60","United Arab Emirates",4.28387096774194,1.28013748600599,4.64193548387097,1.12038465102894,4.78387096774194,0.798604017345492,5.18387096774194,0.71819298479281,5.01935483870968,0.733918008034403,4.8258064516129,0.785511315958388,4.46290322580645,1.13314213814302,4.98387096774194,0.627823079492392,4.92258064516129,0.710672587185285,-0.505913978494624,1.00509674191237,-0.147849462365591,0.75273928334938,-0.00591397849462361,0.745515413049696,0.394086021505376,0.565251340634584,0.229569892473118,0.529119447184027,0.0360215053763441,0.4909860858581,-0.326881720430107,0.790836377018619,0.194086021505376,0.505003172041775,0.132795698924731,0.433290957805477
"61","United Kingdom",4.50311284046693,0.897750078594525,4.17898832684825,1.14399276324573,4.415953307393,0.866429547948499,4.61945525291829,0.87562336188166,4.53929961089494,0.91811543976811,4.12256809338521,0.973727199526102,4.34105058365759,0.930890529935102,4.51770428015564,0.777195551984524,4.33093385214008,0.874612865347815,0.106549935149157,0.81271724567235,-0.21757457846952,1.00320271047922,0.0193904020752269,0.74656250447306,0.222892347600519,0.57544620657927,0.142736705577172,0.589210797541273,-0.273994811932555,0.655217075843766,-0.0555123216601816,0.801674719320977,0.121141374837873,0.538118633931888,-0.0656290531776912,0.507589149333778
"62","United States",4.46100190234623,0.986923261187791,4.1647114774889,1.21458425281418,4.52057704502219,0.902328760590323,4.62371591629677,0.846114223761387,4.66743817374762,0.87402245983333,4.26544071020926,0.908576771906604,4.31287254280279,1.01654107939855,4.57216937927147,0.775925409522513,4.4664271119566,0.823622364811971,0.0105117384237494,0.803789603063039,-0.285778686433575,1.01817215368375,0.0700868810997165,0.773147765045623,0.173225752374288,0.545878536100742,0.216948009825145,0.553440553474806,-0.18504945371322,0.599997706462222,-0.137617621119687,0.806290773437056,0.121679215348994,0.533742155459536,0.0159369480341208,0.465601260893803
"63","Uzbekistan",4.45555555555556,1.0142520224821,4.36543209876543,1.15823769457414,4.26712962962963,0.964490133015354,4.81064814814815,0.997146651770303,4.60740740740741,0.947471174685809,4.21342592592593,0.867928204573125,4.41030276308054,1.03127446905854,4.53921222810112,0.878168132117314,4.41021090534979,0.832127444278435,0.00272017503887681,0.715012371622441,-0.0874032817512467,0.680387428068882,-0.185705750887049,0.680824668099684,0.357812767631469,0.472465702191706,0.154572026890729,0.448293583400784,-0.239409454590753,0.617914545783773,-0.0425326174361378,0.603862285070376,0.0863768475844382,0.388888069107102,-0.0426244751668845,0.399683728361999
"64","Vietnam",4.46011560693642,0.900693523773006,4.69364161849711,1.03598903923768,4.48323699421965,0.817260694236791,4.86705202312139,0.747173731127616,5.05780346820809,0.77931829675834,4.72138728323699,0.781065413736275,4.57662170841362,0.916440002971571,4.67514450867052,0.705226012705029,4.88959537572254,0.72529573629987,-0.25381037804797,0.663561483182554,-0.0202843664872765,0.699194009351288,-0.230688990764733,0.589950937360803,0.153126038137001,0.41249916172284,0.343877483223706,0.44678831521209,0.00746129825260782,0.503571808644387,-0.137304276570771,0.601637669341194,-0.0387814763138663,0.378616889530194,0.175669390738157,0.379415331176562
