"","country_res_full","D_self_end_mean_country","D_self_end_sd_country","D_other_end_mean_country","D_other_end_sd_country","H_self_end_mean_country","H_self_end_sd_country","H_other_end_mean_country","H_other_end_sd_country","F_self_end_mean_country","F_self_end_sd_country","F_other_end_mean_country","F_other_end_sd_country","D_end_mean_country","D_end_sd_country","H_end_mean_country","H_end_sd_country","F_end_mean_country","F_end_sd_country","D_self_endc_mean_country","D_self_endc_sd_country","D_other_endc_mean_country","D_other_endc_sd_country","H_self_endc_mean_country","H_self_endc_sd_country","H_other_endc_mean_country","H_other_endc_sd_country","F_self_endc_mean_country","F_self_endc_sd_country","F_other_endc_mean_country","F_other_endc_sd_country","D_endc_mean_country","D_endc_sd_country","H_endc_mean_country","H_endc_sd_country","F_endc_mean_country","F_endc_sd_country"
"1","Argentina",5.2158273381295,0.616236707862146,5.50503597122302,0.634437299583254,3.68345323741007,0.902460173941785,4.22158273381295,0.950572869983671,4.06618705035971,0.927639513069545,3.43884892086331,0.795595738084973,5.36043165467626,0.543688250538237,3.95251798561151,0.81537143089904,3.75251798561151,0.770124301584858,0.860671462829736,0.58148086533971,1.14988009592326,0.690216588340181,-0.671702637889688,0.614818534544724,-0.13357314148681,0.605443588499138,-0.288968824940048,0.58873466883921,-0.916306954436451,0.525292141805634,1.0052757793765,0.558325351342551,-0.402637889688249,0.422020001437787,-0.602637889688249,0.397011070155619
"2","Armenia",4.9689552238806,0.588301967169856,4.92731343283582,0.757858197931719,3.7534328358209,0.766970774136576,4.61,0.745423160776987,4.12238805970149,0.767572754070345,3.42985074626866,0.780337506700282,4.94819237147595,0.531525157420031,4.18126036484245,0.652513349296901,3.77611940298507,0.698649156861207,0.667070558537362,0.614112143466751,0.625428767492586,0.769334611149987,-0.548451829522339,0.596642392987524,0.308115334656765,0.504444627088228,-0.179496605641742,0.504880412517022,-0.872033919074578,0.553824483011786,0.646307706132719,0.55400394912428,-0.12062430050078,0.398624537256625,-0.52576526235816,0.412160478781041
"3","Australia",5.01237569060774,0.595355727923427,5.1846408839779,0.695303865169445,3.38563535911602,0.798292743887252,4.13121546961326,0.831674304832094,4.02696132596685,0.799600386674443,3.47580110497238,0.856391924610808,5.09846531614487,0.541729849680421,3.75833026396562,0.718878079751585,3.75143032535298,0.740246611629152,0.809620739047296,0.590397521305196,0.981885932417462,0.678603761420221,-0.817119592444416,0.578153158084089,-0.0715394819471786,0.498444052844246,-0.175793625593587,0.525377514998377,-0.726953846588063,0.547510055889246,0.895710364584436,0.528313611280902,-0.444424687594815,0.379289612447936,-0.451324626207461,0.386538051408153
"4","Austria",4.97413793103448,0.707672324893951,5.29655172413793,0.762535192231121,3.32758620689655,0.951425106246382,3.85258620689655,1.05510190779196,3.87241379310345,0.954695500685797,3.16034482758621,1.02276082610697,5.13534482758621,0.64348271961982,3.59008620689655,0.933334566192434,3.51637931034483,0.925861617245633,0.893534482758621,0.711157121815035,1.21594827586207,0.847739523877078,-0.75301724137931,0.586369542765216,-0.22801724137931,0.595150754899857,-0.208189655172414,0.536520938195294,-0.920258620689655,0.601038487347628,1.05474137931034,0.696522337882447,-0.49051724137931,0.459244334759621,-0.564224137931035,0.450587528968434
"5","Bangladesh",5.1848275862069,0.621453930289014,5.27310344827586,0.673703308906061,4.53465517241379,0.83214862492808,5.20620689655172,0.67651873891602,5.24551724137931,0.627289363905118,4.85103448275862,0.756893783498628,5.22896551724138,0.587872504759159,4.87053639846743,0.65994361683478,5.04827586206897,0.618526371089934,0.135509314308363,0.35966056941025,0.223785176377329,0.438444564286897,-0.51466309948474,0.574343977968949,0.156888624653191,0.348324068033069,0.196198969480777,0.351688065842323,-0.198283789139913,0.453549264772237,0.179647245342846,0.293850632926161,-0.1787818734311,0.293338174320807,-0.00104240982956796,0.253141293679402
"6","Bosnia-Herzegovina",5.16942355889724,0.589154422212401,5.16641604010025,0.637815790220525,3.78847117794486,0.69207097157361,4.67568922305764,0.77016311243654,4.19799498746867,0.760716397326061,3.47368421052632,0.853184522641316,5.16791979949875,0.517700203872287,4.23208020050125,0.616338216867833,3.83583959899749,0.717192834701082,0.757477025898079,0.564874677121195,0.754469507101086,0.579427161911352,-0.623475355054303,0.57811159579135,0.26374269005848,0.483571332336541,-0.213951545530493,0.511572123798072,-0.938262322472849,0.587408060185998,0.755973266499582,0.467404708750977,-0.179866332497911,0.357551672025889,-0.576106934001671,0.405507166691578
"7","Brazil",5.03717105263158,0.683395635343692,5.53157894736842,0.611271579775954,3.47368421052632,0.841712606041404,4.45460526315789,0.80397845855495,4.13552631578947,0.899461363917194,3.31644736842105,0.86607830337898,5.2843932748538,0.530120054282369,3.9641447368421,0.711664199449072,3.72598684210526,0.783165919784631,0.71243572292801,0.642435961821315,1.20684361766485,0.669844985935489,-0.851051119177254,0.597943167584366,0.129869933454325,0.520280237489731,-0.189209013914096,0.587001079083147,-1.00828796128252,0.580900561420849,0.959657945150232,0.539800471925069,-0.360590592861464,0.378350333519589,-0.598748487598306,0.418085560719608
"8","Bulgaria",5.11428571428571,0.652942314706028,5.05574912891986,0.749424053769373,3.90104529616725,0.716805477341432,4.34773519163763,0.869965090278151,4.15400696864111,0.785962711944182,3.18257839721254,0.843802772472565,5.08501742160279,0.570625882953818,4.12439024390244,0.697270573573572,3.66829268292683,0.723195761769507,0.821718931475029,0.596698885700234,0.763182346109175,0.700424069879847,-0.391521486643438,0.540563003492605,0.0551684088269454,0.552253454412652,-0.13855981416957,0.484643527031964,-1.10998838559814,0.61337155920315,0.792450638792102,0.50492630935356,-0.168176538908246,0.386597590234044,-0.624274099883856,0.404590987428664
"9","Cameroon",5.07721518987342,0.711945279348705,5.24810126582279,0.667128223142326,4.6,1.02578228653212,5.06962025316456,0.672262920658023,5.06930379746835,0.717140568520102,4.88607594936709,0.792116278090919,5.1626582278481,0.643684079770275,4.8345288326301,0.762753055520158,4.97735583684951,0.701154291641426,0.085699216395419,0.404108600213251,0.256585292344786,0.443199955349557,-0.391515973477999,0.654737581015885,0.0781042796865583,0.311697120193583,0.0777878239903556,0.311473809326675,-0.10544002411091,0.372985593088952,0.171142254370103,0.343847497728012,-0.1569871408479,0.303789582960335,-0.014160136628491,0.19599117868681
"10","Canada",5.00827389443652,0.621601631056267,5.1253209700428,0.720944868886599,3.50014265335235,0.77538007798449,4.21176890156919,0.759045835772079,4.17689015691869,0.742337640297847,3.6077032810271,0.77282265779641,5.0668251703915,0.560023282670862,3.85596766524013,0.656352090157832,3.89223331748296,0.667615659123611,0.736597963500418,0.571991901596249,0.853645039106695,0.670382678178443,-0.771533277583747,0.599481398334373,-0.0599070293669142,0.475247791539783,-0.0947857740174135,0.512740310468069,-0.663972649908997,0.521075506953407,0.795149239455403,0.498849056519599,-0.415708265695968,0.367055612357763,-0.37944261345314,0.37257869463472
"11","Chile",5.12947658402204,0.731218993866827,5.47603305785124,0.676155625461614,3.38842975206612,0.887717610017098,4.01487603305785,1.03843229352527,3.95867768595041,0.921655017027688,3.19173553719008,0.893090738944125,5.30275482093664,0.585782861876422,3.70159167431895,0.867724274605542,3.57520661157025,0.825185161716077,0.936319305911782,0.646665685089366,1.28287577974098,0.692032705729575,-0.80472752604414,0.553838375295956,-0.178281245052405,0.632693012248643,-0.234479592159843,0.578309002241357,-1.00142174092017,0.577791592514427,1.10959754282638,0.543829591771521,-0.491565603791309,0.416449699642784,-0.617950666540008,0.437656537873281
"12","China",4.66758241758242,0.704760421804316,5.12403846153846,0.713046781084704,3.48406593406593,0.707511026338131,4.60453296703297,0.720680388279491,4.5510989010989,0.659011615793572,3.63406593406593,0.689587217163996,4.89566544566545,0.619577275682919,4.04404761904762,0.593401614030975,4.09258241758242,0.595737782573276,0.323515851964128,0.566334455014131,0.779971895920172,0.5778307820871,-0.860000631552356,0.569816126385276,0.260466401414677,0.462359470539646,0.207032335480611,0.413352131963447,-0.710000631552356,0.51466041153577,0.551598880047156,0.45672335413519,-0.300018946570671,0.333166669774759,-0.251484148035872,0.343304162183262
"13","Croatia",5.05067064083457,0.618371957585236,5.06527570789866,0.71668903308224,3.75380029806259,0.775874864160279,4.5478390461997,0.738346646955298,4.14485842026826,0.744411779753458,3.43368107302534,0.799102862403168,5.05797317436662,0.561015661469126,4.15081967213115,0.650828460766563,3.7892697466468,0.666403515175747,0.717983109786388,0.56395415087701,0.732588176850472,0.676257706331279,-0.578887232985594,0.613963839099936,0.215151515151515,0.470052330519492,-0.18782911077993,0.508158226041443,-0.899006458022852,0.5975563891941,0.72528564331843,0.504390159709216,-0.181867858917039,0.385952447803365,-0.543417784401391,0.394189946916974
"14","Czech Republic",4.94168797953964,0.625669868576777,5.03375959079284,0.645843462421547,3.46086956521739,0.743159064913869,4.10230179028133,0.729572984325986,3.62813299232737,0.827059259161716,3.33248081841432,0.786777741407772,4.98772378516624,0.53070121529915,3.78158567774936,0.620230347779894,3.48030690537084,0.737977769054638,0.85848252344416,0.59770794321102,0.950554134697357,0.665057121004409,-0.62233589087809,0.580078685834796,0.0190963341858482,0.49376647834819,-0.455072463768116,0.581541070005429,-0.750724637681159,0.533390929628759,0.904518329070759,0.52643459091262,-0.301619778346121,0.36407818548531,-0.602898550724638,0.452146017681884
"15","Ethiopia",4.88494983277592,0.803436984092523,5.2685618729097,0.74131318637025,3.87491638795987,0.888860730950488,4.74113712374582,0.782878901076936,4.98127090301003,0.782130795153666,4.57391304347826,0.845351524791243,5.07621701969528,0.70112006915291,4.30802675585284,0.711036524293259,4.7776662950576,0.733748151127585,0.164398569945796,0.496448498462014,0.548010610079576,0.496279485451796,-0.845634874870257,0.666365784077372,0.020585860915696,0.45931173903902,0.26071964017991,0.445508436744651,-0.146638219351863,0.497509409729143,0.355665756865157,0.373284144790235,-0.412524506977281,0.36275593502306,0.0571150322274759,0.313407150969214
"16","France",4.75172413793103,0.769442623835294,5.26620689655172,0.66195709235435,3.5783908045977,1.05253356127541,4.23080459770115,0.954382588548448,3.94528735632184,0.93367348307449,3.64781609195402,0.985009094074088,5.00896551724138,0.586238172299223,3.90459770114943,0.910652276227029,3.79655172413793,0.90064598883426,0.515019157088123,0.704814268069214,1.02950191570881,0.793499983905916,-0.658314176245211,0.662799241862591,-0.00590038314176234,0.561901374278561,-0.291417624521073,0.556420337936167,-0.588888888888889,0.553892030665807,0.772260536398468,0.625909986643977,-0.332107279693487,0.444374899656337,-0.440153256704981,0.445385945055223
"17","Georgia",4.99230769230769,0.757333913059784,4.89090909090909,0.851080559067312,3.99020979020979,0.829399671740207,4.56538461538462,0.874085602801946,4.24055944055944,0.90814928537361,3.36083916083916,0.917589134446366,4.94160839160839,0.678943607042123,4.27770007770008,0.709755038022154,3.8006993006993,0.813784445229665,0.652202395305844,0.687522397830392,0.550803793907242,0.743194435996186,-0.349895506792058,0.641562915781646,0.225279318382767,0.554596199658036,-0.0995458564424082,0.578851450652224,-0.979266136162688,0.665406686958711,0.601503094606543,0.569675822906372,-0.062405219301771,0.370582397802953,-0.539405996302548,0.466701383857191
"18","Germany",5.10071530758226,0.613634064845637,5.44206008583691,0.553296235463621,3.20321888412017,0.791099537232242,3.79742489270386,0.989193301622821,3.70042918454936,0.843269214070566,2.96881258941345,0.890317314452743,5.27138769670958,0.491398440005477,3.50039739310126,0.799585360048625,3.3346208869814,0.786492498771145,1.06522454080542,0.628178760999555,1.40656931906007,0.689555944109981,-0.832271882656669,0.541083216570187,-0.238065874072978,0.609026958379769,-0.335061582227484,0.553619439060581,-1.06667817736339,0.563608635631452,1.23589692993274,0.578946163209835,-0.535093373675585,0.411068268188304,-0.700869879795438,0.422801484681123
"19","Ghana",4.95403225806452,0.69413812504953,5.35483870967742,0.88367292728216,4.18709677419355,0.778288132191886,5.04516129032258,0.550909060763294,4.98709677419355,0.74558457007704,4.45483870967742,0.8299076423738,5.15448028673835,0.67733034793402,4.61612903225806,0.539943393629034,4.72096774193548,0.67146453509711,0.12379495736003,0.447308889526406,0.524601408972933,0.614033233208251,-0.643140526510938,0.637145533563501,0.214923989618094,0.349647210919014,0.156859473489062,0.420897531981976,-0.375398591027067,0.547535781637907,0.324242986033865,0.340510195357438,-0.214108268446422,0.317845976652852,-0.109269558769003,0.258878699762364
"20","Greece",5.25972850678733,0.550125047464348,5.39049773755656,0.611010260587841,3.64253393665158,0.703732133754919,4.15542986425339,0.870598053788486,3.91221719457014,0.777509873579236,3.0475113122172,0.822586847200304,5.32511312217195,0.477168624776827,3.89912016088487,0.680339390293503,3.47986425339367,0.718828083571183,1.02498309668695,0.579040467248978,1.15575232745618,0.595162628490705,-0.592211473448796,0.545890229986536,-0.079315545846986,0.576356878513073,-0.322528215530244,0.514266316013504,-1.18723409788319,0.563255820756405,1.09036771207157,0.484208169910124,-0.335625249215513,0.389236372151688,-0.754881156706715,0.408646464663025
"21","Hong Kong",4.6945054945055,0.553245502539864,5.04615384615385,0.627571632442189,3.50769230769231,0.735335262800546,4.22857142857143,0.688684045325368,4.54065934065934,0.687342389526181,3.77142857142857,0.784613948142045,4.87032967032967,0.499442913097406,3.86813186813187,0.577519431299669,4.15604395604396,0.632492211846437,0.396336996336996,0.544295910565235,0.747985347985348,0.529621546482942,-0.79047619047619,0.615143980220986,-0.0695970695970696,0.480088683979475,0.242490842490843,0.464839436876543,-0.526739926739927,0.563613118778961,0.572161172161172,0.433426307298443,-0.43003663003663,0.36120699393906,-0.142124542124542,0.350549310204454
"22","Hungary",4.82296650717703,0.650142064407089,5.10813397129187,0.741106089710032,3.77033492822967,0.736887213386089,3.95598086124402,0.922084553007054,4.02392344497608,0.753315239617772,3.26076555023923,0.828532774735175,4.96555023923445,0.580175950002733,3.86315789473684,0.724117972652812,3.64234449760766,0.691400591494751,0.665948963317384,0.618540278607019,0.951116427432217,0.691966060808737,-0.386682615629984,0.537464713654219,-0.20103668261563,0.619658836396766,-0.133094098883573,0.533140898708866,-0.896251993620415,0.58103455998884,0.8085326953748,0.530421733800921,-0.293859649122807,0.405152058145771,-0.514673046251994,0.402467094658282
"23","India",5.11237113402062,0.65363349092331,5.22422680412371,0.66785217855922,3.94278350515464,0.696780699495723,4.59780927835052,0.787467464381171,4.31907216494845,0.794780885702136,3.86752577319588,0.790693322070312,5.16821305841924,0.585334122428618,4.27024627720504,0.629017975534576,4.09329896907216,0.707148032117109,0.601774499348264,0.572206082393304,0.713630169451357,0.597615036861958,-0.567813129517715,0.534563551760788,0.087212643678161,0.511282064884584,-0.191524469723901,0.530717844821442,-0.643070861476478,0.56688709639778,0.65761642374689,0.498311981665406,-0.240350357467315,0.34124381520726,-0.41729766560019,0.416092840412068
"24","Indonesia",4.96462093862816,0.63978394563807,5.34729241877256,0.553220051201158,3.98303249097473,0.657317376157425,5.05270758122744,0.589000840634718,5.07851985559567,0.516729869231982,4.2557761732852,0.768352175543296,5.15621454357916,0.487503426242451,4.51780986762936,0.51041063710419,4.66734857601284,0.546689297493278,0.184187023400269,0.517347961600765,0.566858503544673,0.483927829968472,-0.797401424253161,0.53606076796664,0.272273665999547,0.363866910763955,0.298085940367778,0.358793781740012,-0.524657741942692,0.556354816050427,0.375780628351274,0.362179049711608,-0.262624047598528,0.28432149068067,-0.113085339215054,0.298738428138631
"25","Iran",4.8740157480315,0.65653146777013,4.39685039370079,0.958941604709726,3.78018372703412,0.781215124929558,4.24619422572178,1.02336773967042,4.4507874015748,0.757384286419085,3.73149606299213,0.846730627711973,4.63534558180227,0.653268013984456,4.01329833770779,0.76384986316484,4.09144065325168,0.731621063833401,0.627180941462777,0.618018578262783,0.150015587132068,0.794487965706631,-0.466651079534598,0.615456017248797,-0.000640580846934286,0.643193114181879,0.203952595006084,0.445690598816941,-0.515338743576593,0.531258165819107,0.388510775233556,0.507996161476806,-0.233536468860933,0.388548575714673,-0.155394153317042,0.360803277773616
"26","Ireland",4.92602739726027,0.701194892320774,5.16164383561644,0.686907347986915,3.66575342465753,0.761617281054342,4.16712328767123,0.907997612961949,4.11232876712329,0.78809637127128,3.38630136986301,0.916108173575884,5.04383561643836,0.61643831388466,3.91643835616438,0.763765106893717,3.74931506849315,0.789184404529842,0.689497716894977,0.666177522227565,0.925114155251142,0.59808802414619,-0.570776255707763,0.514719904818176,-0.0694063926940639,0.529492927261823,-0.124200913242009,0.438405509969929,-0.850228310502283,0.569034358779269,0.807305936073059,0.546798950101002,-0.320091324200913,0.392079755603285,-0.487214611872146,0.388119482405913
"27","Israel",4.83378378378378,0.631764956227414,5.22612612612613,0.705375901477973,3.53603603603604,0.749451904202009,4.05765765765766,0.774485868878491,4.03344594594595,0.716282457657809,3.31936936936937,0.767796271039804,5.02997997997998,0.541949659133337,3.79684684684685,0.654375075526909,3.67627627627628,0.650336292969334,0.666102309205758,0.563389952324195,1.0584446515481,0.651869830068272,-0.63164543854199,0.570179372152282,-0.110023816920369,0.513929255714147,-0.13423552863208,0.518831170392217,-0.848312105208657,0.54083110816915,0.862298505401954,0.465323063349765,-0.370834627731179,0.376918265307,-0.49140519830175,0.390470863835178
"28","Italy",5.04134275618375,0.720511838111588,5.31943462897526,0.671553764452946,3.27455830388693,0.791563524556811,3.94369846878681,0.950885600863121,3.93895759717314,0.844024792009246,3.42279151943463,0.793285973722556,5.18038869257951,0.622743451328716,3.60909893992933,0.751453624307979,3.68087455830389,0.731041918696457,0.884320920540002,0.653713593127066,1.16241279333152,0.675765104730315,-0.882463531756818,0.618907418924918,-0.213323366856936,0.627691321732705,-0.218064238470599,0.544212282304688,-0.734230316209115,0.563949137859918,1.02336685693576,0.587152869168673,-0.547922895714415,0.433364990157879,-0.476147277339857,0.413140246439282
"29","Japan",4.20094339622641,0.638259347306698,4.68679245283019,0.70915332218337,3.31839622641509,0.618731466391889,4.10896226415094,0.682170682586261,4.55424528301887,0.597457889928441,3.46556603773585,0.701058409816088,4.4438679245283,0.515077759521875,3.71367924528302,0.526868307699427,4.00990566037736,0.539149133143421,0.145125786163522,0.61195714907528,0.630974842767296,0.613737912092717,-0.737421383647799,0.517128781471286,0.0531446540880504,0.500989895900942,0.498427672955975,0.448108585556117,-0.590251572327044,0.524918185299726,0.388050314465409,0.430988715028793,-0.342138364779874,0.335714173109558,-0.0459119496855346,0.323469594424623
"30","Kazakhstan",5.0989247311828,0.656488455419524,4.91505376344086,0.762568063470993,3.74838709677419,0.730040633655565,4.43010752688172,0.759259499981591,3.82795698924731,0.798689904373004,3.36344086021505,0.703374621291893,5.0063321385902,0.567015611633801,4.08924731182796,0.601531083730328,3.59569892473118,0.655895335382935,0.868940798417995,0.583767203205307,0.68506983067606,0.64381964815866,-0.481596835990607,0.650539051374168,0.20012359411692,0.506796803297365,-0.402026943517489,0.595457804171819,-0.866543072549747,0.613143633613928,0.776348205825403,0.438341689814239,-0.140736620936843,0.383594207126673,-0.634285008033618,0.478681038228864
"31","Kenya",4.90251677852349,0.856011708482011,5.1005033557047,0.859744215367426,4.16342281879195,0.905179254922845,4.77114093959732,0.860811738986297,4.58997483221477,0.852586669842281,4.50872483221477,0.924409749611228,5.00141685309471,0.789261288010312,4.46728187919463,0.768275240880694,4.54945935868755,0.799637579604223,0.229779881751358,0.53172254703291,0.427766458932566,0.53378451995672,-0.509314077980185,0.663037542953302,0.0984040428251838,0.445537011190711,-0.0827620645573664,0.474557997152559,-0.164012064557367,0.574033874533049,0.328679956322574,0.413208864022088,-0.205455017577501,0.359353147813946,-0.123277538084585,0.355143188680322
"32","Kosovo",5.32270531400966,0.614877385456956,5.34782608695652,0.596740831595146,4.25797101449275,0.62637944014731,4.65024154589372,0.741677081234594,4.63574879227053,0.690347664407861,4.08623188405797,0.731945342770698,5.33526570048309,0.525987561162281,4.45410628019324,0.579981627018317,4.3610305958132,0.622670771408426,0.605841523682603,0.536942343633906,0.630962296629463,0.510869983531013,-0.458892775834305,0.491182850721966,-0.0666222444333388,0.498254998386252,-0.0811149980565274,0.423721959224863,-0.630631906269088,0.5369690463311,0.618401910156033,0.42921278534993,-0.262757510133822,0.331541789032654,-0.355833194513854,0.339844651993591
"33","Kuwait",5.05916666666667,0.739289916748217,5.23444444444444,0.78869967393634,4.07111111111111,0.836759437532935,4.84333333333333,0.87274689964387,4.68916666666667,0.788150281305404,4.12148148148148,0.807788147444065,5.14685185185185,0.658504006089772,4.45722222222222,0.742788837829415,4.40631172839506,0.713317582227583,0.388856048166393,0.639324920560403,0.564133825944171,0.671565167598284,-0.599199507389163,0.666562674092999,0.17302271483306,0.564203176761818,0.018856048166393,0.466339684948209,-0.548829137018792,0.576497373720469,0.476541233351578,0.528328682751734,-0.213088396278051,0.449582045477608,-0.263998890105212,0.384329097424225
"34","Lebanon",4.80689655172414,0.811228339868977,5.18850574712644,0.841569033959826,3.77241379310345,1.05308954710706,4.31034482758621,1.03598447536615,4.54942528735632,0.81281502847567,3.79770114942529,0.974795984796515,4.99770114942529,0.770982009185062,4.04137931034483,0.987662465191604,4.1735632183908,0.837140727536983,0.402681992337165,0.963094420506883,0.784291187739464,0.985486921457257,-0.631800766283525,0.778305786840149,-0.0938697318007662,0.67067648242143,0.145210727969349,0.434583081904221,-0.606513409961686,0.615997732311922,0.593486590038314,0.927693913373967,-0.362835249042146,0.641973404734548,-0.230651340996169,0.423691735936511
"35","Malaysia",4.7427652733119,0.849100514329915,5.07845659163987,0.78700260106138,3.77684887459807,0.808808984780481,4.49935691318328,0.806065456764617,4.56012861736334,0.739104940070399,3.94662379421222,0.823904854716585,4.91061093247588,0.731756578428677,4.13808503036799,0.701789293690456,4.25337620578778,0.666657417907701,0.308711239235688,0.636950546480259,0.644402557563662,0.629374532532028,-0.657205159478139,0.643229242958502,0.0653028791070702,0.475166788268991,0.126074583287135,0.44640152304901,-0.487430239863991,0.602504630455784,0.476556898399675,0.515950047725547,-0.295969003708221,0.400406706513349,-0.180677828288428,0.336195667091233
"36","Mexico",5.3,0.666354843141714,5.58285714285714,0.660710633027874,3.56785714285714,0.776754718758811,4.28,0.885307734165167,4.13571428571429,0.85873182626169,3.45,0.831787535129688,5.44142857142857,0.580000708792139,3.92404761904762,0.703776132756898,3.79285714285714,0.730688337850629,0.913916256157635,0.599242469031368,1.19677339901478,0.600888696104025,-0.818226600985222,0.577122238347906,-0.106083743842365,0.572026443716912,-0.250369458128079,0.592614981253326,-0.936083743842364,0.586111901095236,1.05534482758621,0.506158615762224,-0.462036124794745,0.364093221705411,-0.593226600985222,0.408190958817881
"37","Morocco",4.91542857142857,0.690278732878277,5.26628571428571,0.647679703524793,4.14057142857143,0.76752304565776,5.09942857142857,0.625097430829432,4.74628571428571,0.664429085645877,4.30514285714286,0.703951782197088,5.09085714285714,0.563779178609116,4.62,0.565278895665722,4.52571428571429,0.584838545920791,0.169904761904762,0.520323534847206,0.520761904761905,0.476142898553674,-0.604952380952381,0.591360409339956,0.353904761904762,0.431526949470084,0.000761904761904769,0.430805392139809,-0.440380952380952,0.524174088191021,0.345333333333333,0.344360884685907,-0.12552380952381,0.312381719998523,-0.219809523809524,0.322032520645385
"38","Namibia",4.8780701754386,0.879053354909708,5.06067251461988,0.88337424310816,4.29495614035088,0.891068499959333,4.78360745614035,0.923965842211348,4.61365131578947,0.885833462503733,4.7281798245614,0.871843233643035,4.96962110136452,0.832891110818422,4.53933966861598,0.800523308916449,4.67114400584795,0.812058982483611,0.151507700445238,0.461308918705678,0.334110039626525,0.482973110787605,-0.431606334642481,0.626443018324467,0.0570449811469927,0.446772278218392,-0.112911159203885,0.437663254426217,0.00161734956804524,0.470148516507782,0.243058626371164,0.374393051121197,-0.187222806377374,0.336159288261158,-0.055418469145405,0.305350445182524
"39","New Zealand",5.04606986899563,0.63049849006489,5.12794759825328,0.664847744643692,3.16069868995633,0.734149132184837,3.77903930131004,0.81278001557112,3.81048034934498,0.71172771984789,3.27772925764192,0.743204356722135,5.08700873362445,0.533738782217188,3.46986899563319,0.669518339796593,3.54410480349345,0.655290686417025,1.01243501767519,0.607778870639127,1.09431274693283,0.689439460405911,-0.872936161364109,0.501850743597168,-0.254595550010397,0.540059028881819,-0.223154501975463,0.483102499811665,-0.755905593678519,0.480055408810076,1.05337388230401,0.536155402338553,-0.563765855687253,0.346728450068809,-0.489530047826991,0.363141794077217
"40","Nigeria",5.16440793976728,0.731630339378288,5.21409993155373,0.7321178079618,4.44281314168378,0.871744202575538,5.16129363449692,0.663748063492973,5.13439425051335,0.726435567941277,4.8258726899384,0.803431432085729,5.18925393566051,0.665665204658885,4.80194257032039,0.666788124003289,4.98017339721652,0.692992695879452,0.173850241203833,0.483377197073626,0.223542232990281,0.547128639508992,-0.547744556879671,0.636819408497728,0.170735935933471,0.380186034768923,0.143836551949898,0.395621017375463,-0.164685008625051,0.518041585396704,0.198696237097057,0.417099600800124,-0.188615128243056,0.345807337487527,-0.0103843013469309,0.325694744837632
"41","North Macedonia",5.10705128205128,0.665513575297382,5.18782051282051,0.741757966498537,3.91891025641026,0.779393839591707,4.49679487179487,0.899726280047986,4.2926282051282,0.82089482364361,3.31538461538462,0.901599425255514,5.1474358974359,0.585291168141685,4.20787037037037,0.723705147076116,3.80391737891738,0.762018472176807,0.720579133510168,0.646030603506816,0.801348364279399,0.684562130259403,-0.467561892130858,0.578888821111314,0.110322723253758,0.559169018086974,-0.0938439434129089,0.547522979400088,-1.0710875331565,0.633663851209087,0.760963748894783,0.537586808847112,-0.178601778170744,0.373065592325975,-0.582554769623735,0.433356208909233
"42","Pakistan",5.05263157894737,0.705596035512358,5.21521739130435,0.664743353158502,4.25091533180778,0.709567050234267,5.02654462242563,0.674999290485292,4.75423340961098,0.714150339118374,4.31212814645309,0.752344532423429,5.13381642512077,0.606491709189422,4.63871726417493,0.572563919791119,4.53318077803204,0.644434320463409,0.2839919847929,0.598519707677498,0.44657779714988,0.558611442535402,-0.517724262346688,0.585628565154466,0.257905028271161,0.414071186063323,-0.0144061845434842,0.472175996641967,-0.456511447701379,0.581492996634174,0.365176830966305,0.482618709702185,-0.129922329979538,0.324802541385981,-0.235458816122432,0.397267203146309
"43","Philippines",5.10627906976744,0.660128478184681,5.32354651162791,0.668565509635864,4.14511627906977,0.756846506055022,4.7846511627907,0.729582299803962,5.06488372093023,0.668621057981196,4.26203488372093,0.846394076317574,5.21487080103359,0.580931580050575,4.46488372093023,0.643910752726061,4.66343669250646,0.662211575292258,0.325233894680567,0.481899208684319,0.542501336541032,0.530612976780504,-0.635928896017108,0.53148304627011,0.00360598770382257,0.428921104696931,0.283838545843357,0.415584115131116,-0.519010291365945,0.54698547631548,0.433825625946717,0.391173329908646,-0.316161454156643,0.308692963609912,-0.117608482580415,0.304571943936171
"44","Poland",4.92443095599393,0.650410977870527,4.99165402124431,0.802015031729345,3.58846737481032,0.777800218182732,3.95993930197269,0.786031544542149,3.53687405159332,0.787375657714999,3.04628224582701,0.79416411630121,4.95886022593155,0.596493327829366,3.77445624683864,0.659339178941212,3.29119878603945,0.686151499216422,0.916267536439165,0.614864826251743,0.983490601689545,0.783285854342961,-0.419696044744446,0.629084988077907,-0.048224117582079,0.535210760816313,-0.471289367961442,0.598063854667991,-0.961881173727754,0.571998996749511,0.950696806376781,0.564073587423641,-0.23370717271612,0.405351168650318,-0.716964633515311,0.433669939956266
"45","Portugal",5.12990936555891,0.618830513049993,5.46102719033233,0.593110063768348,3.43564954682779,0.907376062740605,4.17703927492447,0.901287796651104,4.18851963746224,0.795739363874417,3.41510574018127,0.824408826388678,5.29546827794562,0.509495301125976,3.80634441087613,0.790965418424162,3.80181268882175,0.713631159265674,0.828700906344411,0.656927875164029,1.15981873111782,0.661291538603477,-0.865558912386707,0.661119941646536,-0.12416918429003,0.561623374146395,-0.112688821752266,0.526477514472402,-0.886102719033233,0.60337006768241,0.994259818731118,0.571533421730509,-0.494864048338369,0.429011635208929,-0.499395770392749,0.41648639024765
"46","Romania",4.97531380753138,0.642565453891134,5.18451882845188,0.699933269251972,3.78242677824268,0.700901463476604,4.35774058577406,0.814937020669401,3.84937238493724,0.789069472560696,3.33138075313808,0.831443503292657,5.07991631799163,0.558988298187844,4.07019990701999,0.655972472666206,3.59037656903766,0.719386723756954,0.72847833405473,0.60823433247184,0.937683354975232,0.706931034631916,-0.464408695233973,0.538480052886386,0.110905112297408,0.535536706488341,-0.397463088539412,0.547214465879766,-0.915454720338575,0.589120947948606,0.833080844514981,0.543985009906078,-0.17663556645666,0.37536696896918,-0.656458904438994,0.428726455867076
"47","Russia",4.7858064516129,0.73069003249178,4.77822580645161,0.794694226257955,3.74064516129032,0.779994338556629,4.63983870967742,0.813260830106022,4.13870967741935,0.800799527395943,3.47822580645161,0.796077609594015,4.78222222222222,0.621759858005974,4.19035842293907,0.69286691080083,3.80867383512545,0.711170407191295,0.525413422321097,0.709124822444412,0.517832777159807,0.698424241015919,-0.519747868001483,0.596811938106617,0.379445680385614,0.519187096833867,-0.121683351872451,0.548090866405397,-0.782167222840193,0.579368889168837,0.521829192930417,0.547104045226765,-0.0700346063527377,0.398365638302107,-0.451719194166358,0.431597455537797
"48","Saudi Arabia",4.96480263157895,0.62409772795033,5.3671052631579,0.588383836041713,4.20263157894737,0.875565843033083,5.11447368421053,0.751370306208089,4.93947368421053,0.654293805112698,4.43947368421053,0.694744499677899,5.16644736842105,0.484452866637229,4.65855263157895,0.700278476201746,4.68947368421053,0.583113122138559,0.126818663036903,0.566325838093373,0.52912129461585,0.579892768624753,-0.635352389594676,0.66673594614881,0.276489715668482,0.549477675115129,0.101489715668482,0.440791198710455,-0.398510284331518,0.543377445964829,0.328463399879008,0.442690660333758,-0.179431336963097,0.445010979225393,-0.148510284331518,0.359741193653624
"49","Serbia",5.02065789473684,0.674410395335011,5.00368421052632,0.805840884182943,3.87473684210526,0.774319811622265,4.45631578947368,0.930677459305462,3.94,0.744641366814592,3.15157894736842,0.840638425298654,5.01201754385965,0.620720134579745,4.16552631578947,0.745927190800708,3.54578947368421,0.718807395382598,0.779578039927405,0.604817753147208,0.762604355716878,0.710784270092773,-0.366343012704174,0.601638814532521,0.215235934664247,0.591121757866593,-0.301079854809437,0.489825020201949,-1.08950090744102,0.611405024797413,0.770937689050212,0.518381855134337,-0.0755535390199637,0.423365822780401,-0.695290381125227,0.43928866979282
"50","Singapore",4.85521472392638,0.61780289355929,5.11472392638037,0.669487347277174,3.87055214723926,0.77024931151393,4.5441717791411,0.788501844064704,4.66441717791411,0.685245019096322,3.93558282208589,0.819093756752038,4.98496932515337,0.552633832571181,4.20736196319018,0.673503654923196,4.3,0.669971296744524,0.357770961145194,0.535711946480581,0.617280163599182,0.545136663083474,-0.626891615541922,0.543275363128567,0.0467280163599182,0.461903748791576,0.166973415132924,0.440524056184671,-0.561860940695297,0.548353320269763,0.487525562372188,0.42724457479877,-0.290081799591002,0.316779402533427,-0.197443762781186,0.354965185831555
"51","Slovakia",5.04087591240876,0.643997900540972,5.0492700729927,0.741409542657486,3.71313868613139,0.646808736130908,4.42773722627737,0.722098075285303,4.01368613138686,0.717267855024129,3.6051094890511,0.810084892931464,5.04444444444444,0.600479164702568,4.07043795620438,0.577066433175279,3.80965125709651,0.686531892205019,0.732655543969413,0.549255659579974,0.741049704553354,0.647116762612077,-0.59508168230796,0.512283858376999,0.119516857838026,0.441214780412706,-0.294534237052485,0.501161779659775,-0.703110879388252,0.541515908546775,0.736224076005098,0.486481776114043,-0.237782412234967,0.302761786837055,-0.498569111342834,0.398681030719941
"52","South Africa",4.94187986651835,0.912756491715506,5.17964404894327,0.93250953773591,4.03661475713756,0.971554431128355,4.67313681868743,0.890867894797766,4.55333704115684,0.875708423927615,4.18264738598443,1.01088138747026,5.06079594611297,0.875279542097788,4.35484179953034,0.818825885914341,4.36792732665925,0.847755464185389,0.347251552993565,0.609392112315688,0.585015735418482,0.653352209736437,-0.558013556387228,0.681742580308154,0.0785085051626419,0.462127878005764,-0.0412912723679475,0.475304799559441,-0.411980927540361,0.656472505468299,0.466167632588176,0.5603127504926,-0.239786513994446,0.375246373574473,-0.226700986865537,0.390832985793079
"53","Spain",5.16009389671362,0.655405749932831,5.35727699530516,0.740464784585137,3.52629107981221,0.882623815551714,4.32206572769953,1.02308941839052,3.95164319248826,0.897583487534572,3.62488262910798,0.906883797123852,5.25868544600939,0.591534124816969,3.92428273343766,0.836301702337115,3.78826291079812,0.816680965218712,0.836344503804436,0.632790126438772,1.03352760239598,0.766031152599074,-0.797458313096973,0.610816405059285,-0.0016836652096487,0.646476362454806,-0.372106200420916,0.563639592176385,-0.698866763801198,0.55274890157669,0.93493605310021,0.595486153600941,-0.399466659471516,0.426621463911609,-0.535486482111057,0.405624331977033
"54","Switzerland",4.96208791208791,0.620498932729884,5.25054945054945,0.788017713615574,3.18681318681319,0.893831800136518,3.68351648351648,1.05622637896152,3.87692307692308,0.776183959162735,3.00879120879121,0.777981483876827,5.10683760683761,0.596477472431867,3.43516483516483,0.891736586214864,3.44285714285714,0.704137432472897,0.967771883289125,0.587663406231717,1.25623342175066,0.842338122923205,-0.8075028419856,0.604913561046023,-0.310799545282304,0.666839936067002,-0.11739295187571,0.515350259601972,-0.985524820007579,0.498357925956629,1.11252157803882,0.617063748370012,-0.559151193633952,0.493170733372354,-0.551458885941645,0.385907263690341
"55","Taiwan",4.55789473684211,0.62961030490905,5.23684210526316,0.60488248466805,3.69548872180451,0.79245162096524,4.33834586466165,0.735177740491991,4.54285714285714,0.682977467435243,3.52781954887218,0.846689748124225,4.89736842105263,0.499917570166594,4.01691729323308,0.673525985772736,4.03533834586466,0.684678190621495,0.241353383458647,0.566398758362765,0.920300751879699,0.545787521130389,-0.621052631578947,0.5380292274871,0.0218045112781956,0.440907109785786,0.226315789473684,0.41978436376314,-0.788721804511278,0.584135293740063,0.580827067669173,0.422039553426702,-0.299624060150376,0.333678853410692,-0.281203007518797,0.368550981734781
"56","Thailand",5.10064935064935,0.616493895793028,5.45584415584416,0.55027230605641,3.72857142857143,0.801034696163586,4.53766233766234,0.771653997674746,4.89675324675325,0.660955662980436,4.07922077922078,0.844809816091682,5.27824675324675,0.507931403094956,4.13311688311688,0.663723108038284,4.48798701298701,0.650445980671843,0.467532467532468,0.574364248163617,0.822727272727273,0.568757139711919,-0.904545454545455,0.642358892313122,-0.0954545454545454,0.517938341587911,0.263636363636364,0.44632027725147,-0.553896103896104,0.591729683322101,0.64512987012987,0.493205464121777,-0.5,0.403010746707375,-0.14512987012987,0.34995695575588
"57","The Netherlands",4.82205882352941,0.638828925858998,5.23088235294118,0.601666168775707,2.79264705882353,0.651110999576158,3.46911764705882,0.832089267458491,3.87352941176471,0.631897236619261,2.76911764705882,0.739921387804623,5.02647058823529,0.502325745591539,3.13088235294118,0.641469921454404,3.32132352941176,0.589464048881479,0.995833333333333,0.601690861659137,1.4046568627451,0.61032505397379,-1.03357843137255,0.485569477273586,-0.357107843137255,0.621108899329995,0.0473039215686274,0.508488523520845,-1.05710784313725,0.513855884237196,1.20024509803922,0.48429655104957,-0.695343137254902,0.405094568933866,-0.504901960784314,0.367944561304631
"58","Turkey",5.13795466526094,0.63617530693232,4.91989984185556,0.879157177234951,4.38993147074328,0.775895321646923,4.25284659989457,0.914415041039232,4.49731154454402,0.771374837354156,3.35437532946758,0.860861874559653,5.02896386106718,0.632796664900534,4.32134364200785,0.724586996333394,3.9258536871083,0.716642378496627,0.712547943213422,0.639678285714818,0.494493119808045,0.769084302590661,-0.0354752513042371,0.599958395626132,-0.172560122152946,0.611738432725467,0.0719048224965009,0.514074979239638,-1.07103139257994,0.621327736994179,0.603557139019666,0.558402570846085,-0.104063080039667,0.415861208455097,-0.499553034939216,0.41314761881459
"59","Ukraine",5.10648148148148,0.592884826327744,4.70173611111111,0.829238319219435,4.06018518518519,0.757629691768754,4.2537037037037,0.830556342314519,3.86342592592593,0.817871905555541,3.02268518518519,0.823857832983305,4.90408950617284,0.567161191079876,4.15694444444444,0.682630313858313,3.44305555555556,0.730983456455586,0.938625478927203,0.65322653668673,0.533880108556833,0.740773272567117,-0.107670817369093,0.566954421848905,0.0858477011494254,0.570074004484266,-0.304430076628352,0.581237816071001,-1.14517081736909,0.591513081698206,0.736233503618561,0.538324556704054,-0.010911558109834,0.396587562986323,-0.724800446998723,0.452074423634874
"60","United Arab Emirates",4.9258064516129,0.680630248883635,5.39032258064516,0.653291709858835,4.15806451612903,0.956178937073946,5.05806451612903,0.830079669709189,4.81290322580645,0.758662297919506,4.42258064516129,0.825896304934521,5.15806451612903,0.559141140895182,4.60806451612903,0.766789856671321,4.61774193548387,0.722591917925969,0.131182795698925,0.605044699239676,0.595698924731183,0.614887667883655,-0.636559139784946,0.672101065710313,0.263440860215054,0.487240087265229,0.0182795698924732,0.402527416815268,-0.372043010752688,0.517285670033606,0.363440860215054,0.489589608351159,-0.186559139784946,0.361763524962674,-0.176881720430108,0.328799145851193
"61","United Kingdom",5,0.653913097575883,5.1147859922179,0.775436274686511,3.52256809338521,0.82636644486705,4.13385214007782,0.891010960483128,4.1124513618677,0.831284394893273,3.56809338521401,0.879700387057603,5.05739299610895,0.607710217785379,3.82821011673152,0.762933899562819,3.84029399048854,0.776983765033082,0.757814526588846,0.612472346224122,0.872600518806744,0.688110233360245,-0.71961738002594,0.563276220188781,-0.108333333333333,0.540546024249385,-0.12973411154345,0.515203670360608,-0.674092088197146,0.526116177207171,0.815207522697795,0.528364330015234,-0.413975356679637,0.385243002443242,-0.401891482922611,0.377353389066762
"62","United States",5.02105263157895,0.676931834472704,5.1217184527584,0.773735517890527,3.64232720355105,0.796979210778454,4.28928344958782,0.783421531408468,4.3279644895371,0.767741416094597,3.74695624603678,0.833116660064646,5.07140844078067,0.637171223389355,3.96575776791376,0.68681884552302,4.03748326639893,0.712879558878781,0.662837192690909,0.58154463563326,0.763503013870363,0.654178395397533,-0.715888235336992,0.570181822878319,-0.0689319893002136,0.492586476741382,-0.0302509493509428,0.499425077705475,-0.61125919285126,0.543922557691687,0.713193001892628,0.510536717140206,-0.392457670974278,0.36219215772449,-0.32073217248911,0.37311450617597
"63","Uzbekistan",5.09583333333333,0.693835506644315,5.01358024691358,0.783451466362881,4.08981481481482,0.754016015945175,5.07361111111111,0.695494792382035,4.80046296296296,0.708971064697323,3.97407407407407,0.795826775211789,5.05507054673721,0.66680611345733,4.58251028806584,0.625138182400657,4.38662551440329,0.656340518231425,0.421851623791279,0.442522121565649,0.339598537371526,0.473986945024872,-0.58416689472724,0.524261500591003,0.399629401569057,0.425242728637859,0.126481253420909,0.411165972631277,-0.69990763546798,0.567817611951443,0.381088837195159,0.327411056777526,-0.0914714214762107,0.30432422156283,-0.287356195138762,0.328520147164464
"64","Vietnam",4.60115606936416,0.807089836740933,4.9271676300578,0.959415738325203,4.10751445086705,0.885937393497382,4.64595375722543,0.854798927907317,4.84161849710983,0.884821447041288,4.16763005780347,0.863129542150619,4.76416184971098,0.820372162667822,4.3762363519589,0.789249412888735,4.50462427745665,0.784279778397051,0.0528669191415853,0.500342996971608,0.378878479835227,0.605826100072692,-0.440774699355525,0.554465791250773,0.097664607002857,0.438399740085434,0.29332934688725,0.430954508467067,-0.380659092419108,0.532645224653227,0.215872699488406,0.442445920532541,-0.172052798263681,0.339142029987159,-0.0436648727659292,0.293019338646493
